feature,importance_mean,importance_std
Curricular units 1st sem (approved),0.08059844034350967,0.009700403701479735
Tuition fees up to date,0.05194797495397072,0.005040899306270381
Curricular units 1st sem (grade),0.03134339069913217,0.013249162187525747
Curricular units 1st sem (evaluations),0.022773940242209134,0.009166998117006137
Scholarship holder,0.01145888509919688,0.0038177410766375907
Course,0.010951907257282479,0.0029469097405560277
Gender,0.009784937774661629,0.00618130691062335
Mother's occupation,0.009382521174803714,0.005371056770382064
Curricular units 1st sem (enrolled),0.008617535548468691,0.002468220759137485
Age at enrollment,0.0074204206231188955,0.008215347387814997
Father's qualification,0.005892856460467111,0.00875614286915114
Father's occupation,0.005221390569163287,0.0023888505243489064
Debtor,0.004621779537727533,0.003737213930875854
Curricular units 1st sem (without evaluations),0.00458263797182723,0.0009838124987902282
Admission grade,0.0035375672120308453,0.0022696184184384503
Previous qualification,0.0029311111205832406,0.0035469250379117166
Marital Status,0.0014076667493486462,0.001308944272002845
Displaced,0.0013004305720975661,0.009447953861926102
Application order,0.0012956270346124788,0.0008538232416611313
Previous qualification (grade),0.0004591611407057883,0.00358791949853745
Application mode,-0.0005805309148801507,0.004617205791169025
International,-0.0009766642257662995,0.0004883321128831497
Curricular units 1st sem (credited),-0.00150989895895286,0.0034822898652139174
Daytime/evening attendance,-0.0018017593358525374,0.0021859134610629025
Educational special needs,-0.0022171791437380238,0.0007265240928966226
Nacionality,-0.002275728224312612,0.0007167678699423803
Mother's qualification,-0.0023855819324338336,0.0031319359510389158
